Stage,Mass,Alpha,Time,Cost_Var,Emissions
Camp,10000000000.0,0.3,6.392694063926941,8662500000000.0,50980000000.0
Base,40000000000.0,0.6,44.6927374301676,28800000000000.0,118240000000.0
City,50000000000.0,1.0,93.10986964618249,26250000000000.0,5000000000.0
