Strategy,Fresh_Water_Demand,Total_Cost,Transport_Time,Transport_Volume,Recycle_Rate
Baseline,230.0,2300000.0,1.15,230.0,61.66666666666667
Ice + Compressed,230.0,10660580.021482278,3.0773361976369493,539.5865439997509,61.66666666666667
